stop_id;stop_number;stop_name_short;stop_name;ch_x;ch_y
143;2570;BirmSte;Birmensdorf ZH, Sternen/WSL;676869.4127;245976.5153
309;3356;WalBiSt;Waldegg, Birmensdorferstrasse;677378.4069;246869.5147
373;6232;FRAF07;Zürich Flughafen, Fracht;685408.1667;256313.0781
588;3027;FLUG07;Zürich Flughafen, Bahnhof;684880.1788;256096.0787
623;2989;TZEN01;Thalwil, Zentrum;685141.3859;238859.6052
701;1012;GOLP;Zürich, Goldbrunnenplatz;681212.842;247157.061
729;687;UitiDrf;Uitikon, Dorf;676726.3984;247116.5258
751;2758;UNTR07;Glattbrugg, Unterriet;684795.203;254746.5859
809;501;BirmBhf;Birmensdorf ZH, Bahnhof;675550.4361;245605.5035
832;1401;KILB;Kilchberg ZH, Kirche;683390.3914;241366.5952
833;3254;HALL;Kilchberg ZH, Hallenbad;683196.3801;241420.5771
891;1991;WalPost;Waldegg, Post;677355.4084;246861.5236
1010;2160;SCHA;Zürich, Schaufelbergerstrasse;680302.8558;247018.0606
1067;992;GLAG07;Glattbrugg, Zentrum;685037.3057;254244.6947
1114;1627;MEHO;Dübendorf, Meiershofstrasse;688691.7178;250201.1231
1259;1391;BKIL;Kilchberg ZH, Bahnhof;683871.3794;242108.5973
1270;2680;TRIE;Zürich, Triemli;679825.8643;246878.0502
1305;1472;KUNS;Zürich, Kunsthaus;683852.3155;247219.0966
1306;478;BEZI;Zürich, Bezirksgebäude;682094.3257;247590.0559
1308;736;ETHZ;Zürich, ETH/Universitätsspital;683768.2976;247844.071
1309;564;BUCH;Zürich, Bucheggplatz;682623.2968;250299.0541
1310;821;FARB;Zürich, Farbhof;678564.8515;249384.0238
1311;2572;SOER;Zürich, Sternen Oerlikon;683612.252;251600.0646
1312;657;BDIE;Dietikon, Bahnhof;672898.924;251005.9806
1362;1303;IEBN;Zürich, Im Ebnet;683371.7375;253998.5555
1366;2983;ZGLA;Zentrum Glatt;687338.2208;251560.602
1370;2986;ZREG07;Regensdorf, Zentrum;677523.3218;253876.5255
1372;1228;HOFF;Dübendorf, Hoffnung;687674.7219;250113.6221
1377;6506;BABH07;Kloten Balsberg, Bahnhof;685224.19;255148.0801
1378;6507;RBAU07;Rümlang, Bäuler;684405.7085;254405.084
1379;6508;GLIN07;Glattbrugg, Lindberghplatz;684679.2226;253337.5844
1392;3241;WFLO07;Wallisellen, Florastrasse;687436.9496;251856.4479
1393;2329;SURG;Zürich, Schürgistrasse;686120.732;251504.6023
1398;3246;GIEB07;Glattbrugg, Giebeleichstrasse;684854.215;253680.5939
1405;2277;SHDO;Kilchberg ZH,Schulhaus Dorfstr;683836.8806;241815.5847
1406;1278;HOEL;Zürich, Hölderlinstrasse;684927.8068;246716.5865
1407;1457;KREK;Kilchberg ZH, Kreuzstrasse;683646.3644;242172.5963
1417;1542;RLET07;Rümlang, Letten;682695.7315;254768.5573
1437;632;VCHL07;Volketswil, Volkiland Chliriet;692803.6914;248622.1607
1443;1552;LEUT;Zürich, Leutschenbach;683970.2431;252137.5644
1452;994;BGLA07;Glattbrugg, Bahnhof;684552.2231;253908.5907
1454;1156;HEIZ;Zürich, Heizenholz;678882.8247;251798.0272
1456;6346;DSON;Dübendorf, Sonnental;687946.2244;250054.6066
1475;2422;DBRE;Dübendorf, Breitibach;688179.722;250098.1261
1499;1710;NEUB;Zürich, Neubühl;682842.364;243033.5685
1500;2547;BLEI;Zürich, Bahnhof Leimbach;681615.8961;243033.5743
1501;2294;SCHW;Zürich, Schwamendingerplatz;685555.7489;251051.5967
1502;2556;STAU;Zürich, Stauffacher;682377.8249;247508.5582
1503;1389;KIEN;Zürich, Kienastenwies;687810.2926;245575.6229
1504;1643;MIBU;Zürich, Milchbuck;683301.2725;250288.0652
1509;1577;LISP;Kilchberg ZH, Lindt & Sprüngli;684107.384;241507.093
1510;6594;AHOR;Adliswil, Ahornweg;682827.3949;241471.5781
1511;1660;MORG;Zürich, Morgental;682470.8647;244218.086
1517;2751;USNO;Unterengstringen, Sennenbüel N;676274.3552;251903.4948
1518;2580;STOG;Kilchberg ZH, Stockengut;683286.3855;242061.5884
1520;831;FEGG;Urdorf, Feldegg;674711.9123;249510.4994
1521;589;BAEC;Kilchberg ZH, Bächlerstrasse;683216.3826;242618.5981
1522;2767;BWEI;Urdorf Weihermatt, Bahnhof;674861.4225;248166.5167
1523;1595;LAEG;Zürich, Lägernstrasse;682554.7995;250032.0522
1524;3775;BEND;Kilchberg ZH, Bendlikon;684048.7278;241848.2195
1525;2017;RADI;Zürich, Radiostudio;682767.7862;250720.0681
1526;1018;GOBI;Kilchberg ZH, Gottlieb-Binder;683458.8782;241922.0913
1527;948;GEME;Weiningen ZH, Gemeindehaus;674900.3751;252470.4786
1528;1861;PARA;Zürich, Paradeplatz;683110.8202;247134.5783
1530;3796;MYTH;Kilchberg ZH, Mythenstrasse;683308.3691;242290.5796
1531;2124;ROEM;Zürich, Römerhof;684717.806;246944.0784
1532;1215;HIRS;Zürich, Hirschwiesenstrasse;683403.2739;250523.5723
1533;2304;KSCH;Kilchberg ZH, Schwelle;683651.3774;241828.6015
1534;6238;WERE;Zürich, Werd;682190.8392;247426.0578
1535;48;ALBP;Zürich, Albisriederplatz;680894.8376;248038.5497
1536;1227;HOFA01;Adliswil, Hofackerstrasse;682950.5541;241054.4053
1537;2237;SZEN;Schlieren, Zentrum;676154.8786;250098.5043
1538;2239;SLIM;Kilchberg ZH, Schlimbergstr.;683479.3743;242120.5775
1539;2158;SPLA;Zürich, Schaffhauserplatz;683035.7837;249587.5661
1540;6347;SCHB;Schlieren, Bahnhof;676236.8755;250354.4969
1541;412;BPLA;Zürich, Bahnhofplatz/HB;683155.3156;247945.0736
1542;413;BQUA;Zürich, Bahnhofquai/HB;683312.3037;248012.0839
1543;1334;IRCH;Zürich, Universität Irchel;683484.7764;250071.5776
1552;6447;LRAI;Rüschlikon, Loorain;683443.3895;240180.0897
1553;6448;EGGR;Rüschlikon, Eggrain;683609.3953;239887.094
1557;3042;BWIE;Zürich, Bahnhof Wiedikon;681998.3303;247294.0602
1565;440;BELL;Zürich, Bellevue;683579.32;246811.5873
1571;872;FRAN;Zürich, Frankental;678721.8328;251043.0184
1574;799;EWYS;Zürich, Escher-Wyss-Platz;681815.3177;249390.0597
1580;88;ALTR;Zürich, Altried (Zone 10);687014.7262;251197.1056
1581;1176;HRTI07;Wallisellen, Herti;686051.7211;252368.0896
1596;2346;SEEB;Zürich, Seebach;683836.7395;252904.5784
1598;1259;HUNG;Zürich, Hungerbergstrasse;680185.291;252798.0461
1628;99;ARC101;Thalwil, Archstrasse;684955.3875;238954.6006
1638;28;BADL01;Adliswil, Bahnhof;682100.9168;240645.5863
1677;128;AUSS;Zürich, Ausserdorfstrasse;683749.083;253229.7858
1679;2307;BSCH;Schwerzenbach ZH, Bahnhof;692169.1884;248866.6571
1686;641;CRUZ07;Regensdorf, Chrüzächer;678049.3137;253516.5185
1893;3026;ENGE;Zürich, Bahnhof Enge;682561.3359;246506.0702
1895;416;BSTR;Zürich, Bahnhofstrasse/HB;683134.8124;247840.0639
1904;2264;SOKI;Kilchberg ZH, Schoorenstrasse;683984.873;241309.0894
1905;1430;KLUS;Zürich, Klusplatz;685180.7994;246522.5995
1906;1357;KALK;Zürich, Kalkbreite;681751.3322;247628.0623
1907;1612;MANG;Zürich, Manegg;681737.8877;243467.0765
1908;1187;HEUR;Zürich, Heuried;680641.3465;247039.0488
1909;1440;KSPI;Kilchberg ZH, Spital;682900.3946;241799.5756
1911;75;ALHK;Kilchberg ZH, Altersheim;683322.3849;241586.09
1916;3446;ETTE;Zürich, Ettenfeld;684159.2296;253364.5747
1919;3447;BOEO;Zürich, Bahnhof Oerlikon Ost;683631.7631;252043.5696
1920;439;BELA07;Wallisellen, Belair;686482.208;252037.089
1928;6460;ZFER;Zürich, Fernsehstudio;684744.7279;252544.0838
1931;6461;GGLA07;Glattpark;684387.7339;252790.586
1934;1275;SEPL;Zürich, Seebacherplatz;683725.2482;252710.5762
1938;619;CENT;Zürich, Central;683469.3056;247918.0819
1959;3344;DSTA;Dietikon, Stadthaus;672629.9206;250640.9799
2007;1694;NASS;Schlieren, Nassacker;675709.8897;249818.5106
2008;863;FLUP;Dübendorf, Flugplatz;689758.8007;250873.8884
2009;2789;VORB;Bergdietikon, Vorbühl;671464.9543;249177.485
2010;1028;GRIN;Geroldswil, Grindlen;673702.8864;252380.9938
2011;6044;GAAZ;Zollikon, Garage G.-Maurer-Str;685293.3244;244266.6036
2013;6300;SBRE;Spreitenbach, Breiti;669476.9364;253602.9384
2014;6301;FURT;Spreitenbach, Furttalstrasse;669869.4333;253153.9464
2015;6303;SINT;Spreitenbach, Interio;669864.9301;253321.4519
2016;29;AEGU;Unterengstringen, Aegelsee;676012.3626;252057.4921
2018;3798;VORS;Dietikon, Vorstadt;672389.4125;251357.4699
2019;2798;WAGO;Schlieren, Wagonsfabrik;676664.879;250237.5273
2020;1964;OPOS;Oetwil an der Limmat, Post;672143.3979;253449.4635
2021;1039;GRAU;Dietikon, Grünau;672912.4031;251545.9791
2022;2128;ROES;Zürich, Röslistrasse;683192.2979;249229.0653
2023;6055;DEP2;Zürich, Depot 2 Wollishofen;682561.38;243521.5757
2025;3044;BWOL;Zürich, Bhf Wollishofen (Tram);682685.8606;244597.0779
2027;2975;ZELG;Dübendorf, Zelglistrasse;688979.2105;249819.6373
2028;125;AUSW;Weiningen ZH, Ausserdorf;675529.3614;252353.9986
2029;2303;SWAK;Geroldswil, Schweizäcker;672863.8893;252908.9733
2033;2051;REIT;Schlieren, Reitmen;675056.9;250059.9915
2034;2982;ZENT;Geroldswil, Zentrum;673257.8885;252741.9689
2035;2054;RAUG;Zürich, Rennweg;683052.3244;247500.573
2036;2984;OBEE;Oberengstringen, Zentrum;677273.3489;251433.5228
2038;2313;SBAC;Dietikon, Schäflibach;673416.4134;250369.4911
2039;1226;HACK;Dietikon, Hofacker;673442.4183;250177.4841
2040;1054;GRUZ;Dübendorf, Grüzenstrasse;688975.2185;249638.6389
2042;2406;SOME;Dietikon, Sommerau;672982.9125;250664.9798
2043;2236;SCHL;Schlieren, Zentrum/Bahnhof;676139.373;250231.5056
2044;2238;SCHS;Urdorf, Schlierenstrasse;674343.4058;249391.4894
2045;1061;GUGG;Zürich, Guggachstrasse;683156.2837;250017.5665
2046;2326;SCHO;Zürich, Schörlistrasse;684952.25;251196.5898
2047;2411;SONN;Zürich, Sonneggstrasse;683424.7979;248599.5715
2048;990;GJUC;Dietikon, Gjuchstrasse;672068.9288;251221.4743
2050;1151;HEIM;Schlieren, Heimeliweg;675434.8873;249788.5004
2052;998;GLAT;Zürich, Glattwiesen;686287.7414;250712.615
2053;1414;KWIL;Dübendorf, Kirche Wil;689069.2162;249385.6328
2054;1417;KIPL;Dietikon, Kirchplatz;672819.4279;250907.4786
2055;6261;STHA;Dietikon, Stadthalle Ost;671829.4339;250962.4697
2056;6262;DSIL;Dietikon, Silbern;672008.4077;252373.464
2057;414;BSTD;Dietikon, Bahnhofstrasse;672851.4229;250834.4863
2059;502;BIRM;Dietikon, Birmensdorferstrasse;673888.4133;250107.9999
2060;2256;SWIE;Zürich, Schmiede Wiedikon;681657.3362;247118.0637
2061;2085;RIEW;Bergdietikon, Rietwies;671875.4552;249595.4781
2063;425;DBAL;Bergdietikon, Baltenschwil;672024.4515;249544.4885
2078;6659;WNEU07;Wallisellen, Neugut;687981.2072;251099.6154
2079;6660;DGIE07;Dübendorf, Giessen;688242.2125;250808.6179
2081;6032;DEP7;Zürich, Depot 7 Irchel;683446.2735;249948.5832
2082;3785;RINW;Dübendorf, Ringwiesen;687990.2208;250287.1173
2083;132;ZAUZ;Zürich, Auzelg;685275.7215;252392.5917
2084;1453;KREU;Zürich, Kreuzplatz;684240.3155;246621.5807
2085;1522;LAUI;Zürich, Laubiweg;682871.2911;249928.5699
2086;435;BECK;Zürich, Beckenhof;683186.7951;248727.076
2087;1468;KRON;Zürich, Kronenstrasse;683102.2976;249168.0663
2088;2474;STAM;Zürich, Stampfenbachplatz;683375.3016;248282.068
2089;2045;REGB;Zürich, Regensbergbrücke;683064.7639;251477.5688
2090;144;BADA;Zürich, Bad Allenmoos;682960.2757;251174.0685
2092;2549;REHA;Zürich, Rehalp;686465.6052;245082.3839
2094;2807;WABG;Waldburg, Station;687249.3015;244469.6171
2096;2826;WALT;Zumikon, Waltikon;689138.2905;243473.626
2103;3002;ZOBE;Zollikerberg, Station;687921.2984;244561.6147
2104;1845;OPER;Zürich, Opernhaus;683762.8165;246659.585
2110;2879;WETL;Zürich, Wetlistrasse;685345.3078;246089.5917
2111;3039;BSTA;Zürich, Bahnhof Stadelhofen;683773.3113;246735.0971
2113;1144;HEGI;Zürich, Hegibachplatz;684730.3062;246250.0921
2114;6254;LAEN;Zollikerb., Langägerten/Spital;687613.2969;244636.6179
2120;2166;SCHE;Scheuren, Station;692339.2841;242003.6643
2121;421;BALG;Zürich, Balgrist;685856.3089;245477.0915
2137;2612;SUNN;Zürich, Sunnau;682463.8762;242378.0727
2139;649;DANG;Zürich, Dangelstrasse;682508.3795;243210.5688
2141;2660;TIAK01;Adliswil, Tiefacker;682508.4005;241209.5862
2142;6592;ADMO;Adliswil, Moos;682588.3834;242162.5826
2143;6593;EWEG;Adliswil, Eichenweg;682786.8882;241595.0824
2144;6034;GAR6;Zürich, Garage 6 Hardau;680660.8407;248498.0578
2145;2950;WOLL;Zürich, Wollishofen;682512.3655;243641.0768
2146;2889;WIDM;Zürich, Widmerstrasse;682705.8745;243463.5778
2158;148;ABAD01;Adliswil, Badstrasse;682799.8889;240886.5798
2160;6437;GRUT;Adliswil, Grüt;682426.8988;241844.5852
2183;2771;SIHN;Zürich, Sihlcity Nord;681924.3509;246039.5753
2187;6735;WGLA07;Wallisellen, Glatt;687508.7187;251594.1002
2198;944;GEER;Zürich, Geeringstrasse;678629.8195;252015.5172
2228;601;BOES;Zürich, Börsenstrasse;683176.3312;246957.0692
2244;1364;KAPP;Zürich, Kappeli;679748.3481;248739.0354
2245;1548;LETG;Zürich, Letzigrund;680424.3405;248367.048
2247;1386;KERN;Zürich, Kernstrasse;681999.8205;247654.0721
2248;1579;LOCH;Zürich, Lochergut;681472.3638;247736.5196
2250;3019;ZYPR;Zürich, Zypressenstrasse;681195.3369;247877.049
2251;6030;DEP4;Zürich, Depot 4 Elisabethenstr;681793.3293;247508.5671
2253;883;FREI;Zürich, Freihofstrasse;680116.8361;248576.5387
2254;6425;ZW;Zürich, Zentralwerkstätte;679493.3558;248641.5549
2256;1608;LOEW;Zürich, Löwenplatz;682978.8219;247813.0744
2257;6459;ZOER;Zürich, Oerlikerhus;684165.2369;252464.5729
2258;1098;HALB;Zürich, Haldenbach;683785.2961;248303.5907
2260;2367;RIGI;Zürich, Seilbahn Rigiblick;683792.7881;248930.5928
2262;1366;SIHP;Zürich, Sihlpost;682744.3244;247836.0786
2274;1550;LETZ;Zürich, Letzistrasse;683563.7833;249460.5736
2275;2388;SIGN;Zürich, Signaustrasse;684532.8214;246413.5902
2276;465;BERN;Zürich, Berninaplatz;683735.7704;250916.5781
2287;1557;LIMM;Zürich, Limmatplatz;682541.3108;248785.5631
2289;2395;SIHL;Zürich, Sihlquai/HB;682980.3152;248259.0698
2290;648;DAMM;Zürich, Dammweg;682104.3105;249192.0591
2292;1399;KINK;Zürich, Kinkelstrasse;683634.2831;249263.5835
2293;2924;WINK;Zürich, Winkelriedstrasse;683782.7927;248629.5818
2294;1667;MUFG;Zürich, Museum für Gestaltung;682781.3093;248506.5763
2295;580;BURG;Zürich, Burgwies;685599.8128;245862.6004
2298;2014;QUEL;Zürich, Quellenstrasse;682309.8082;249008.0618
2299;6031;DEP5;Zürich, Depot 5 Hard;681752.3132;249526.5735
2300;6033;DEP8;Zürich, Depot 8 Oerlikon;683762.257;251562.5711
2301;6035;GAR9;Zürich, Garage 9 Hagenholz;684459.2334;252181.5711
2302;1100;HEGG;Zürich, Haldenegg;683523.3035;248225.088
2308;1138;HEDW;Zürich, Hedwigsteig;685090.8079;246110.0846
2312;894;ENZE;Zürich, Friedhof Enzenbühl;686261.3152;245091.6069
2313;2151;SALE;Zürich, Salersteig;683759.7657;251192.5696
2315;1507;LANM;Zürich, Langmauerstrasse;683523.779;249787.5669
2316;2575;BSTE;Zürich, Bahnhof Stettbach;687366.7232;250239.1185
2320;705;DOZE;Zumikon, Dorfzentrum;689517.298;243125.6365
2324;1516;LANZ;Oberengstringen, Lanzrain;677666.3428;251245.5157
2326;81;ALTZ;Dübendorf, Alterszentrum;689228.2294;249221.6365
2327;3520;BRUL;Spreitenbach, Brüel;670426.4377;252342.9554
2328;2436;SPLI;Schlieren, Spital Limmattal;674844.4088;249587.012
2329;6364;STIE;Wangen, Stierwisen;690800.7086;251636.4872
2332;1178;HWEG;Urdorf, Herweg;673933.9088;249653.9926
2333;2268;SWEI;Weiningen ZH, Schulhaus;674724.8681;252443.9988
2334;3183;AEGW;Weiningen ZH, Aegelsee;675914.3572;252135.4896
2336;1265;HATS;Dietikon, Hätschen;672110.9409;250597.9742
2337;1266;WHAE;Wangen, Hätzelwisen;690870.1802;251763.2045
2338;1091;HAGA;Dietikon, Hagackerstrasse;672301.4148;252291.9747
2339;1094;OHAL;Oetwil an der Limmat, Halde;672537.8982;253206.9773
2341;2440;SPIT;Urdorf, Spitzacker;674230.4183;248634.9951
2346;1616;MARW;Dietikon, Marmori-Weiher;672144.4373;250247.9776
2350;6462;IKEA;Spreitenbach, Ikea;670587.4219;252814.4538
2351;6297;HEIN;Urdorf, Heinrich-Stutz-Strasse;674500.443;247100.4999
2352;6724;ULAN;Unterengstringen, Langwisen;676184.3622;251391.0075
2354;701;DOGE;Geroldswil, Dorfstrasse;673542.8896;252570.979
2356;1620;MATT;Zürich, Mattenhof;686986.238;250402.104
2358;1451;DKRE;Dübendorf, Kreuzbühl;689313.2301;249268.6312
2360;3460;ASPS;Spreitenbach, Asp;671019.4321;251907.9644
2361;1540;LERZ;Dietikon, Lerzen;672479.4073;252307.479
2362;2631;TAWI;Schlieren, Talacker-Windegg;676172.3732;251024.013
2363;457;BERL;Bergdietikon, Bergli;671794.9474;249346.4855
2366;3727;GLAN;Glanzenberg, Bahnhof;674062.4033;250224.99
2367;547;BRUN;Zürich, Brunaustrasse;682617.846;245606.5819
2368;548;BRUS;Fahrweid, Brunaustrasse;673614.3956;251958.9865
2369;3472;SWER;Dietikon, Schönenwerd;674434.9071;250062.9809
2370;2384;SCEN;Spreitenbach, Shopping Center;670151.4398;252601.9611
2373;1725;NEUT;Urdorf, Neumatt;674119.9161;248966.5033
2374;1726;NMAT;Urdorf, Neumattstrasse;674296.918;248957.4941
2375;2814;WALD;Zürich, Waldgarten;684462.2516;250967.0767
2376;466;BOLD;Bergdietikon, Bernold;671692.4529;249005.4809
2377;6744;RIST;Birmensdorf ZH, Ristet;674792.4332;246535.5036
2378;1556;LIMB;Fahrweid, Limmatbrücke;673462.408;251213.9855
2379;2471;STAF;Dietikon, Staffelackerstrasse;671883.4315;250542.4848
2380;550;BRUG;Schlieren, Brunngasse;676203.3833;250007.5191
2381;725;DOER;Dietikon, Dörfli;673067.4192;250408.4919
2382;1388;KESS;Schlieren, Kesslerstrasse;675505.3873;249976.9987
2383;1640;MICA;Zürich, Micafil;678202.853;249653.0352
2385;729;DUEN;Bergdietikon, Dünni;672066.4509;249731.4749
2386;2732;UITI;Urdorf, Uitikonerstrasse;674552.4237;248410.991
2387;3822;BKIS;Killwangen, Bahnhof;669106.4364;253955.4306
2388;6663;SPAL;Spreitenbach, Altersheim;670176.4395;252421.4643
2389;815;FAAU;Fahrweid, Au;673633.9038;251661.4988
2391;1731;NURD;Urdorf, Niederurdorf;673986.9176;249291.4935
2392;2569;STEA;Dietikon, Stelzenacker;671942.4288;250788.9623
2394;2399;DMOO;Dietikon, Moosmatt;672086.4071;252500.461
2396;1397;KIND;Kindhausen AG;670770.4624;249676.4647
2397;6586;CESP;Spreitenb, Center Spreitenbach;670264.4374;252787.4613
2398;3748;STAK;Schlieren, Steinacker;674567.9015;249965.4935
2400;1911;PDUB;Dübendorf, Post;688931.2035;250133.6279
2401;1571;WLIN;Weiningen ZH, Lindenplatz;675094.8686;252555.9972
2404;488;BILO;Zürich, Billoweg;682605.8564;245107.072
2406;2666;TIER;Zürich, Tierspital;684046.7601;250733.0783
2410;743;ECKS;Unterengstringen, Eckstein;676255.3615;251566.5083
2411;748;EGGB;Oberengstringen, Eggbühl;678155.8412;251037.5268
2412;3589;OBUR;Urdorf, Oberurdorf;674333.9238;248010.9891
2413;1666;MUSR;Zürich, Museum Rietberg;682562.8435;246115.0732
2414;2582;STOC;Zürich, Stockerstrasse;682852.3349;246914.0599
2422;1179;HERZ;Zürich, Herzogenmühlestrasse;685599.2367;251341.5977
2423;6626;BLUM;Zürich, Blumenfeldstrasse;680478.288;253099.0292
2424;6627;ASPH;Zürich, Aspholz;680157.2896;253227.5487
2425;6628;MUEH;Zürich, Mühlacker;679803.2845;253360.5359
2426;3444;GLOK;Zürich, Glockenacker;687647.2854;246211.6276
2427;1527;LEEA;Ebmatingen, Leeacherstrasse;690343.2556;245570.1514
2428;617;CARL;Zürich, Carl-Spitteler-Strasse;686745.2905;245903.6144
2429;1705;NEUA;Zürich, Neuaffoltern;682013.275;251793.5555
2430;445;BENG;Benglen;690641.2483;246288.6597
2431;446;BGER;Benglen, Gerlisbrunnen;690210.7536;246250.1517
2432;2622;SAGG;Pfaffhausen, Sängglen;689589.7554;246927.6438
2433;447;BENK;Ebmatingen, Benkelsteg;691641.2475;244658.6648
2434;1362;KAPF;Zürich, Kapfstrasse;685547.8115;246200.0909
2435;708;DREI;Zürich, Dreispitz;685243.7345;251713.0916
2436;3467;FMAT;Binz bei Maur, Fridlimatt;689592.7595;246056.6404
2437;455;BERH;Zürich, Berghaldenstrasse;686982.7855;245949.6119
2438;713;DRUS;Zürich, Drusbergstrasse;686134.3009;246132.6066
2439;2737;UAFF;Zürich, Unteraffoltern;680994.2775;253154.555
2440;901;FRDR;Zürich, Friedrichstrasse;685285.7417;250955.5846
2441;908;FROB;Zürich, Frohburg;684823.7516;250978.5986
2442;1821;OBEW;Zürich, Oberwiesenstrasse;682568.7819;251649.5685
2443;738;EBMA;Ebmatingen;690859.2627;245197.6502
2444;2836;WASE;Zürich, Waserstrasse;686523.3049;245910.6075
2445;914;FRON;Zürich, Fronwald;680828.2838;252903.5428
2446;6591;GAAN;Effretikon, Garage Andres;694026.1257;252877.6707
2447;833;FELH;Pfaffhausen, Feldhof;689243.7599;246588.6392
2448;490;MPOS;Binz bei Maur, Post;689856.7677;245814.1437
2449;1583;MLOR;Ebmatingen, Looren;691677.2626;243892.6654
2450;1584;LOOR;Zürich, Loorenstrasse;687328.2904;246071.6057
2451;3760;HALO;Zürich, Hallenbad Oerlikon;684326.7448;251706.0881
2452;750;EGGL;Fällanden, Eggler;690339.2381;247434.1493
2453;3764;MAXB;Zürich, Max-Bill-Platz;683195.2649;252055.58
2454;1000;GLAU;Zürich, Glaubtenstrasse;681550.7802;252066.5617
2455;678;MDOR;Maur, Dorf;693009.7494;244027.6748
2456;2688;TULP;Zürich, Tulpenstrasse;685276.2425;251201.588
2457;767;EINF;Zürich, Einfangstrasse;681075.2854;252212.5495
2458;684;DORS;Schwerzenbach ZH, Dorf;691627.1991;248441.1568
2459;947;FAEL;Fällanden, Gemeindehaus;690744.7263;247466.6632
2460;694;DORF;Zürich, Dorflinde;683820.2621;251320.5729
2461;1871;PFAF;Pfaffhausen, Pfaffenstein;689835.2397;247100.1449
2462;1873;PMUE;Pfaffhausen, Müseren;689047.2595;246431.6329
2463;888;FRIA;Zürich, Friedackerstrasse;684148.7592;251160.0798
2464;1892;MPLA;Maur, Platten;692349.7456;244329.1626
2465;2145;SAAT;Zürich, Saatlenstrasse;684881.2465;251727.5887
2466;899;FWIT;Zürich, Friedhof Witikon;687935.7793;246267.6228
2467;1403;MKIR;Maur, Kirche;693362.7506;243732.1849
2468;2069;RIEG;Zürich, Riedgraben;684540.2545;251711.0795
2469;6511;BAFS;Zürich, Bahnhof Affoltern Süd;680730.276;252753.5456
2470;1324;FAEI;Fällanden, Industrie;691051.7249;247941.6656
2471;2335;SHUA;Fällanden, Schützenhaus;690170.7362;247104.6552
2472;1160;HERB;Zürich, Herbstweg;684991.2363;251506.5778
2473;2251;SYFI;Zürich, Schlyfi;685784.7994;246359.0946
2474;2342;MSEE;Maur, See;693720.2458;243977.6975
2475;1498;LANA;Unterengstringen, Langacher;676574.8549;251762.5162
2476;838;FSTR;Schlieren, Feldstrasse;676184.3748;250823.0032
2478;1758;ODIE;Dietikon, Oberdorf;672314.4283;250530.4832
2480;1759;OBDO;Oetwil an der Limmat, Oberdorf;672388.3982;253430.4642
2481;1586;LUBE;Urdorf, Luberzen;674345.4134;249685.985
2482;1587;LUCH;Zürich, Luchswiesen;686579.2253;251284.6111
2483;3590;SONU;Urdorf, Sonne;674317.4271;248275.0107
2484;753;EGLI;Dübendorf, Eglishölzli;689949.8551;251200.1504
2485;1843;OETW;Dietikon, Oetwilerstrasse;672316.9323;251067.982
2486;757;EIHH;Kindhausen AG, Eichholz;671098.9556;249701.4795
2487;2005;PWOL;Zürich, Post Wollishofen;682708.3609;244343.0881
2488;586;BUTZ;Zürich, Butzenstrasse;682467.3725;243935.5677
2489;2008;PROB;Zürich, Probstei;686629.7391;250575.1015
2490;6693;DGYR;Dietikon, Gyrhalden;671920.4378;250413.4745
2491;6694;WEST;Dietikon, Weidstrasse;671666.9403;250430.4767
2492;6695;DLAE;Dietikon, Lätten;671435.442;250583.9637
2496;6698;DWEI;Dietikon, Weinberg;671136.4477;250557.4615
2497;2850;WELI;Wangen, Weidli;690688.6278;251976.3251
2544;1041;GRUN;Zürich, Grünaustrasse;679349.3416;249909.0494
2545;893;FEIC;Zürich, Friedhof Eichbühl;678233.375;248520.5351
2546;2152;SALZ;Zürich, Salzweg;678001.8654;249058.0264
2547;427;BASL;Zürich, Baslerstrasse;679380.8368;249178.0442
2548;1341;ITDO;Itschnach, Dorf;687957.8159;242527.6283
2549;1342;ITFA;Itschnach, Fallacher;688234.3189;242666.1254
2550;1519;LAUB;Zürich, Laubegg;681443.8613;245911.0536
2551;3522;SUKK;Zürich, Sukkulentensammlung;682774.3544;245474.5641
2552;2262;SORU;Kilchberg ZH, Schooren;684270.3782;241360.1027
2553;1175;HERT;Zürich, Hertensteinstrasse;683378.2423;253032.5693
2554;515;BODE;Rüschlikon, Bodengasse;684247.3919;240541.5981
2556;516;BOGL;Küsnacht ZH, Boglerenstrasse;686451.3374;242331.1139
2557;6625;MERI;Rüschlikon, Merisbrunnen;683962.3897;239536.5961
2558;3186;RUEB;Rüschlikon, Bahnhof;684307.8855;240301.097
2559;3187;RSAU;Rüschlikon, Säumerstrasse;683751.8891;240271.5836
2561;3445;BIBE;Zürich, Bircher-Benner;685056.2829;247821.5856
2562;3449;BIRC;Zürich, Birchstrasse;682803.2571;251938.0708
2563;1528;LEHE;Zürich, Lehenstrasse;681671.3111;250049.5595
2564;3705;ALBD;Zürich, Albisriederdörfli;679024.3648;247698.0422
2565;1354;JUGI;Zürich, Jugendherberge;682318.359;244654.0747
2566;3706;AHOS;Zürich, Althoos;681922.7818;251660.5611
2567;2618;SUSE;Zürich, Susenbergstrasse;685275.2791;248133.6041
2568;1356;KALB;Zürich, Kalchbühlweg;682589.3685;243869.5766
2569;1182;HESL;Küsnacht ZH, Hesligenstrasse;687304.341;241167.6224
2570;1358;KANO;Zürich, Kanonengasse;682428.8185;248082.5571
2571;1359;KANT;Zürich, Kantonsschule;683970.3068;247456.5906
2572;2447;SPOH;Zürich, Hardturm;680447.3226;249811.5454
2573;1611;MAIE;Zürich, Maienweg;682107.283;251324.055
2575;2449;SPOW;Zürich, Sportweg;680573.8241;249524.0418
2576;1614;MANS;Zürich, Manesseplatz;681804.8446;246632.0555
2577;1189;HIST;Küsnacht ZH, Himmelistrasse;687222.8426;240979.127
2578;1615;MARB;Zürich, Marbachweg;681386.4002;242721.0624
2579;1441;PKAE;Zürich, Pflegezentr. Käferberg;681473.803;250438.0517
2580;2707;TUEF;Zürich, Tüffenwies;679721.8327;250229.0358
2581;1445;KNOR;Zürich, Krematorium Nordheim;682252.7884;251039.0728
2582;1446;KSIH;Zürich, Krematorium Sihlfeld;680725.3499;247983.0524
2583;610;BUEH;Küsnacht ZH, Bühlstrasse;686235.3309;242976.1075
2584;3450;CHAL;Zürich, Chaletweg;682454.2716;251970.0628
2585;2363;SEES;Zollikon, Seestrasse;685290.3241;244120.5901
2586;3451;MOTT;Zürich, Mötteliweg;682097.2774;252029.5618
2587;2364;SEGA;Zürich, Segantinistrasse;679339.3271;251277.5231
2588;1277;HSTR;Zollikon, Höhestrasse;686352.3199;243857.617
2589;3453;TECH;Zürich, Technopark;681292.818;249252.0576
2590;615;BURK;Zürich, Bürkliplatz;683270.3314;246794.5704
2591;2366;SEID;Zürich, Seidelhof;678901.8459;249536.5374
2592;443;BELV;Rüschlikon, Belvoir;683939.9;240171.097
2593;3457;LERA;Zürich, Lerchenrain;680812.7876;252052.5478
2594;1532;LEIM;Zürich, Leimgrübelstrasse;683354.2311;253679.073
2595;3458;PSCH;Zürich, Schauenberg;680619.7886;252255.0519
2598;2450;SPRE;Zürich, Sprecherstrasse;684115.3111;246907.0869
2599;3714;BINC;Zürich, Binz Center;681013.367;246223.562
2600;2451;SPYR;Zürich, Spyriplatz;684080.786;248537.0826
2601;3715;BOST;Zürich, Bocklerstrasse;685200.252;250809.5852
2603;1539;LERC;Zürich, Lerchenhalde;680831.7959;251767.0448
2604;3717;CHIN;Zürich, Chinagarten;684190.8315;245440.5922
2605;530;BRAN;Zürich, Brandschenkestrasse;682642.3273;247066.0694
2606;1194;HINT;Zürich, Hinterbergstrasse;684268.2856;248295.5709
2607;1626;MEIE;Zürich, Meierhofplatz;680123.8181;250689.5484
2608;2289;SWEG;Zürich, Schumacherweg;681215.7904;251823.0449
2609;3804;NBRU;Zürich, Neunbrunnen;682980.2535;252330.5771
2610;1280;HOEB;Zürich, Hönggerberg;680484.304;251011.5473
2612;1456;KRES;Zürich, Kreuzstrasse;683933.3195;246398.0864
2613;6648;WURZ;Zürich, Würzgraben;679740.3355;249567.5368
2614;2800;WAIF;Zürich, Waidfussweg;681567.3053;249953.056
2615;1286;HOES;Zürich, Höschgasse;684307.3266;245831.5831
2617;2801;WAIH;Zürich, Waidhof;681817.2707;253114.5635
2618;1288;HUEG;Zürich, Hügelstrasse;682185.7238;245870.7065
2619;2803;WAIS;Zürich, Waidspital;681731.8015;250394.0574
2620;3466;FRST;Zürich, Freiestrasse;684919.3054;246388.0915
2621;3469;HOFS;Zürich, Hofstrasse;684852.2959;247522.0994
2622;1547;LETT;Zürich, Lettenstrasse;682602.8079;249439.554
2624;711;DREW;Zürich, Dreiwiesen;685863.771;248173.6111
2625;2461;STAD;Zürich, Stadtgrenze;683351.8672;243272.0963
2626;1549;LPAW;Zürich, Letzipark West;679868.8346;248929.5408
2627;2638;TALW;Zürich, Talwiesenstrasse;680885.3428;247101.0596
2628;715;DUFP;Zollikon, Dufourplatz;685694.3366;243886.6065
2629;1379;KEMP;Zürich, Kempfhofsteig;680866.3156;250179.5551
2630;718;TONA;Zürich, Toni-Areal;680940.324;249368.0582
2631;544;FBRU;Fällanden, Bruggacher;690167.2287;247814.1454
2632;546;BRUM;Zürich, Brunau/Mutschellenstr.;682189.8519;245430.0745
2633;2722;UETL;Zürich, Uetlihof;681241.8662;245655.5531
2634;2298;SHOL;Zürich, Schwandenholz;681643.771;253120.5532
2635;800;EGUT;Zürich, Eschergutweg;681105.3085;250060.5431
2636;1292;HUER;Zürich, Hürstholz;681821.778;252349.5517
2637;3470;HSTG;Zürich, Hölderlinsteig;685071.7999;246833.0882
2638;3645;BOGA;Zürich, Botanischer Garten;684538.8183;246003.5826
2639;3648;KLOB;Zürich, Klosbach;684990.7926;247176.592
2640;2385;SIEM;Zürich, Siemens;679712.8591;248055.0499
2641;1724;NEUM;Zürich, Neumarkt;683738.8061;247477.0796
2642;462;BEST;Küsnacht ZH, Bergstrasse;687021.8519;241038.6112
2643;3477;SRUC;Zürich, Schweizer Rück;682857.3352;246018.5711
2645;467;BERO;Zürich, Bernoulli-Häuser;680781.3218;249774.0403
2646;468;BERT;Zürich, Bertastrasse;681177.8402;247558.5532
2647;1641;MICH;Zürich, Michelstrasse;679770.3104;251163.5511
2648;3566;SHOE;Zürich, Schützenhaus Höngg;679857.3025;251500.5414
2649;1818;OBWA;Küsnacht ZH, Oberwacht;686629.3506;241580.6209
2650;1644;MILA;Zürich, Militär-/Langstrasse;682241.3209;248218.0594
2651;2907;WILD;Zürich, Wildbachstrasse;684631.8245;245313.5982
2654;1478;KAMM;Dübendorf, Kämmaten;687430.7467;249376.1172
2655;470;BESE;Zürich, Besenrainstrasse;682305.3596;244440.5613
2656;471;BETH;Zürich, Bethanien;684381.2842;248383.5705
2657;2396;SIHS;Zürich, Sihlstrasse;682793.3273;247400.5807
2658;2398;SIHW;Zürich, Sihlweidstrasse;681327.4034;242294.0694
2659;476;BEUG;Zollikon, Beugi;685902.3324;243463.6207
2660;902;FRIB;Zürich, Friesenberg;680782.3628;246510.5556
2662;904;FRIE;Zürich, Friesenbergstrasse;680558.8637;246259.5556
2663;3744;ZENK;Küsnacht ZH, Zentrum;686438.8808;241456.9051
2665;2659;THUJ;Zürich, Thujastrasse;682292.857;244944.0687
2666;735;ETHH;Zürich, ETH Hönggerberg;680695.2974;251426.5497
2667;1483;KAES;Zürich, Käshaldenstrasse;683162.7361;253825.5641
2669;824;FBST;Zollikon, Felbenstrasse;685463.3372;244208.5921
2670;1488;BKUE;Küsnacht ZH, Bahnhof;686307.3402;241544.6061
2671;2831;WART;Zürich, Wartau;679506.8298;250742.0309
2672;1744;NORH;Zürich, Nordheimstrasse;682416.7793;250875.5675
2673;1745;NORS;Zürich, Nordstrasse;682866.3042;249186.5714
2674;2834;SEER;Zürich, Seerose;683090.3677;243707.5835
2675;6009;RREB;Rüschlikon, Rebsteig;684091.3783;240746.5997
2676;2838;DWAS;Dübendorf, Wasserfurren;688523.2237;249903.6268
2677;489;GRUB;Zürich, Grubenstrasse;681058.3591;246329.5621
2678;916;FRYM;Zürich, Frymannstrasse;681655.3928;243269.0703
2680;917;FROE;Zürich, Fröhlichstrasse;684485.8289;245531.5824
2681;6599;ZOLL;Aesch bei Maur, Zollingerheim;692056.78;242473.1702
2682;573;BUHN;Zürich, Buhnstrasse;683033.7486;252968.056
2683;3587;BERU;Zürich, Berufswahlschule;682625.284;250962.5793
2684;3588;VULK;Zürich, Vulkanstrasse;678929.8437;249816.0332
2687;2754;UNTM;Zürich, Untermoosstrasse;678893.3647;248175.0367
2689;832;FELD;Zürich, Feldeggstrasse;684121.824;246098.0854
2693;1753;NUER;Zürich, Nürenbergstrasse;682621.2896;249638.5537
2694;3001;ORIO;Zürich, Orionstrasse;685109.2252;252387.0784
2695;6015;WINS;Zürich, Winzerstrasse Süd;679087.3325;250781.5378
2696;3003;BZOL;Zollikon, Bahnhof;685495.3281;243586.6106
2698;2671;TOBE;Zürich, Tobelhof;686725.2625;248706.6108
2699;3005;ZOO;Zürich, Zoo;685553.2686;248492.582
2700;6019;WAFB;Zürich, Waffenplatz-/Bederstr.;682179.352;246213.5824
2701;2673;TOBL;Zürich, Toblerplatz;684643.2852;248209.0871
2702;498;BIRD;Zürich, Birchdörfli;682419.772;251321.0619
2705;927;FOER;Zürich, Förrlibuckstrasse;681441.3107;249603.0417
2707;3768;STBU;Zürich, Staudenbühl;682755.7505;252714.5736
2709;3594;EPIK;Zürich, EPI-Klinik;685542.8281;244826.0981
2710;2934;WINH;Zürich, Winzerhalde;679715.3215;250452.5374
2711;2935;WINZ;Zürich, Winzerstrasse;679096.3265;250846.0415
2712;2937;WIPK;Zürich, Wipkingerplatz;681908.8052;249648.5618
2713;840;FELL;Zürich, Fellenbergstrasse;679258.3642;247732.0309
2714;2596;STRV;Zürich, Strassenverkehrsamt;681047.3678;245249.5603
2715;1006;GDOR;Gockhausen, Dorf;687545.2536;248556.6106
2716;6020;GLAS;Zürich, Glaubtenstrasse Süd;681493.2816;251980.5523
2718;1007;GOLD;Zürich, Goldackerweg;679218.8643;247335.0368
2720;2852;WEID;Rüschlikon, Weidstrasse;684264.3878;240033.5908
2721;3011;ZWEI;Zürich, Zweiackerstrasse;687591.7797;245777.617
2722;1272;HOEF;Zürich, Höfliweg;680997.3488;246864.053
2723;1273;DHOG;Dübendorf, Högler;688787.2195;249657.6235
2729;1590;LUEG;Zürich, Luegisland;686244.7262;251203.5981
2730;1592;LUGG;Zürich, Luggwegstrasse;679647.3437;249273.0478
2731;3015;ZWIE;Zürich, Zwielplatz;679853.3252;250687.0365
2732;1769;OBHE;Küsnacht ZH, Obere Heslibachst;686714.3491;241295.6225
2733;933;GART;Küsnacht ZH, Gartenstrasse;686868.3636;240702.6167
2734;2858;WEIH;Zürich, Weihersteig;682295.2904;250251.0111
2735;4;ZOOF;Zürich, Zoo/Forrenweid;686046.2785;248364.6089
2737;2859;WEIK;Kilchberg ZH, Weinbergstrasse;683487.8642;242939.5874
2738;3018;ZWIN;Zürich, Zwinglihaus;681398.8364;247318.0604
2740;7;AARG;Zürich, Aargauerstrasse;680315.8253;249583.0361
2741;9;RALS;Rüschlikon, Alsenstrasse;684589.3812;239593.5944
2742;769;ELWA;Zürich, Elektrowatt;683987.3208;245762.601
2743;6117;SRIE;Zürich, Stierenried;682768.7651;252334.0712
2744;594;BAER;Zürich, Bärenbohlstrasse;680793.2699;253295.547
2745;2776;VERE;Zürich, Verenastrasse;682116.3726;243909.566
2746;1011;GOBA;Küsnacht ZH, Goldbacherstrasse;686302.8389;242677.6135
2747;1013;GOHA;Zollikon, Goldhaldenplatz;686091.3288;243289.6139
2748;2779;VOGE;Zürich, Vogelsangstrasse;683862.2992;248668.0803
2749;2104;ROSE;Zürich, Rosengartenstrasse;682054.3046;249840.567
2750;857;FWEG;Zürich, Fischerweg;681061.3126;249753.0491
2752;2108;ROTB;Zürich, Rotbuchstrasse;682848.2978;249504.0753
2754;1779;OBFE;Küsnacht ZH, Oberfeld;686951.341;240911.6062
2755;2695;TAEG;Itschnach, Tägermoos;687332.8309;242307.1239
2756;3029;HSBB;Zürich, Bahnhof Hardbrücke;681460.3202;248883.5637
2757;1106;HABA;Küsnacht ZH, Hallenbad;686682.3536;240929.6285
2758;3786;OKEN;Zürich, Okenstrasse;682713.2927;249174.5578
2760;1863;PAKI;Kilchberg ZH, Paradiessteig;683489.3742;242672.0861
2761;3788;MAIL;Zürich, Maillartstrasse;682506.2685;252283.5503
2762;1864;PARU;Kilchberg ZH, Paradiesstrasse;683794.866;242578.5945
2763;3789;BOLL;Zürich, Bollingerweg;682964.268;252069.5726
2764;1865;HURL;Zürich, Hürlimannplatz;682173.3354;246614.0673
2765;2956;WONE;Zürich, Wonnebergstrasse;685214.8156;245167.5969
2766;2788;VOLT;Zürich, Voltastrasse;684235.2937;247947.5931
2767;6214;URSP;Gockhausen, Ursprungstrasse;687696.2446;248869.1219
2768;2113;RBRU;Zürich, Rudolf-Brun-Brücke;683400.8096;247597.5892
2769;867;FLUR;Zürich, Flurstrasse;679542.353;248390.5333
2770;1026;GRIM;Zürich, Grimselstrasse;679385.3506;248991.534
2771;868;FLUE;Zürich, Flühgasse;685434.8254;245027.1106
2772;2872;WERD;Zürich, Werdhölzli;678766.8405;250193.5329
2773;6304;KOES;Zürich, Köschenrüti;682875.7423;253714.5748
2774;2030;RATH;Zürich, Rathaus;683394.3142;247386.0777
2775;3797;ARAN;Zürich, Albisrank;679747.3527;248195.0444
2777;3123;IMGU;Zürich, Im Gut;680402.3431;247532.5485
2778;2035;REBE;Zürich, Rebbergsteig;681236.8118;250135.0536
2779;788;ENGV;Zürich, Englischviertelstrasse;684517.3088;246783.0837
2780;2038;REBW;Itschnach, Rebweg;687645.326;242385.6163
2781;2795;WAFF;Zürich, Waffenplatzstrasse;682136.3545;246215.5739
2782;118;AUFB;Kilchberg ZH, Auf Brunnen;683693.8863;241463.0821
2783;2120;RAEF;Zürich, Räffelstrasse;681307.3589;246341.5606
2784;2799;WAIB;Zürich, Waidbadstrasse;681141.8037;250349.5573
2785;2122;RAEN;Küsnacht ZH, Ränkestrasse;687461.3417;241043.6408
2787;2127;ROEN;Zürich, Röntgenstrasse;682366.8139;248493.5697
2788;3041;BTIE;Zürich, Bahnhof Tiefenbrunnen;684804.3295;244967.0878
2789;3043;BWIP;Zürich, Bahnhof Wipkingen;682292.0149;249785.7465
2790;961;GDEH;Zollikon, Gemeindehaus;685949.3327;243943.6165
2791;3045;ZUER;Zürich, Zürichbergstrasse;684999.2885;248157.0954
2792;1120;HARH;Zürich, Hardhof;679938.3258;250041.0437
2795;2040;RWIE;Zollikon, Rebwiesstrasse;686918.3065;244514.6203
2796;2043;RKIK;Küsnacht ZH, Reform. Kirche;686590.3567;241268.6227
2797;3133;FJUG;Fällanden, Jugendherberge;691790.2373;246127.1571
2798;3134;MASC;Maur, Aschbach;692342.2408;245274.1642
2799;1889;PLAT;Zürich, Platte;684128.8058;247730.5975
2800;3138;KABU;Zürich, Kappenbühlweg;679984.3169;250778.5309
2801;3139;BRUP;Zürich, Brunaupark;681572.3527;245839.5595
2802;2302;SHOF;Zürich, Schweighof;680380.859;246519.5495
2803;884;FLAG;Zürich, Freilagerstrasse;679476.3533;248140.5316
2804;2306;SCHT;Zürich, Schwert;680483.8139;250426.5496
2807;1307;IHAG;Zürich, Im Hagacker;680740.3682;245962.5665
2808;2899;WIES;Zürich, Wieslergasse;679807.8242;250903.0443
2809;46;ALBG;Zürich, Albisgütli;680751.377;245111.5638
2810;47;ALBR;Zürich, Albisrieden;679010.3693;247602.0382
2811;979;GIBL;Zürich, Giblenstrasse;679055.3182;251608.5211
2812;1139;HEER;Zürich, Heerenwiesen;685875.7397;251069.6092
2813;3141;LAND;Zürich, Landiwiese;682783.8508;244982.5814
2814;2055;RENT;Zürich, Rentenanstalt;682815.8349;246399.0776
2815;1220;HIRZ;Zürich, Hirzenbach;686858.222;250899.1146
2816;134;AUZO;Zürich, Auzelg Ost;685529.234;252015.5969
2817;3148;LETP;Zürich, Letzipark;680123.339;249075.0448
2818;137;BACH;Zürich, Bachmattstrasse;678837.3508;249219.0288
2821;2140;RUET;Zürich, Rütihof;678389.3162;251950.5226
2822;2141;RUST;Schlieren, Rütistrasse;676617.8691;250490.5128
2823;895;FHOE;Zürich, Friedhof Hönggerberg;679679.3118;251394.5329
2824;2142;SBBW;Zürich, SBB-Werkstätte;680319.3382;248991.5415
2825;896;FSWA;Zürich, Friedhof Schwandenholz;682929.2586;252861.5699
2826;897;FSIH;Zürich, Friedhof Sihlfeld;680982.84;247784.059
2828;1310;IHUS;Zürich, Im Hüsli;681191.8895;242488.0613
2829;2147;SACK;Zürich, Sackzelg;679802.8517;247588.5551
2831;2402;SING;Zürich, Singlistrasse;679557.8188;251052.526
2832;1315;IWAL;Zürich, Im Walder;685809.3138;244751.5912
2833;53;ZALL;Zollikon, Allmend;686484.3231;244198.1064
2834;1316;IWIN;Zürich, Im Wingert;680790.3189;250604.0458
2835;54;KALL;Küsnacht ZH, Allmend;687594.3466;241198.6161
2836;1143;HEGA;Zürich, Hegianwandweg;680939.8734;245642.0617
2837;3150;AMBO;Zürich, Am Börtli;680667.3143;250412.5379
2838;3151;APPE;Zürich, Appenzellerstrasse;680840.3085;250334.0513
2839;3153;JUCH;Zürich, Juchhof;678209.345;250269.0316
2840;3155;ALTW;Zürich, Schulhaus Altweg;679722.8673;247408.0498
2841;1231;HOHE;Zürich, Hohenklingensteig;679376.336;250594.0465
2843;2320;SCHG;Zürich, Schönauring;682834.2467;253384.0714
2845;1407;KFLU;Zürich, Kirche Fluntern;684661.7866;247928.0783
2846;2999;FZIL;Fällanden, Zil;690403.7314;247555.6399
2847;6250;HIMM;Zürich, Himmeri;683002.2552;252712.5586
2848;2327;SUEB;Küsnacht ZH, Schübel;687026.8417;241867.1233
2849;1239;HOLZ;Zürich, Holzerhurd;679830.2905;253089.5267
2850;2154;SANK;Kilchberg ZH, Sanatorium;683592.3718;242381.0899
2851;1320;IDEY;Zürich, In der Ey;679521.8691;247057.5462
2852;1327;IGAS;Schlieren, Industrie Gaswerk;677301.3607;250527.0254
2853;67;ATRO;Zürich, Alte Trotte;680696.8173;250193.5353
2854;1157;HELM;Zürich, Helmhaus;683450.3199;247132.5911
2855;6600;IMBR;Aesch bei Maur, Im Brünneli;691912.7699;242874.6755
2856;410;BSRU;Rüschlikon, Schlossstrasse;684317.3792;240915.0968
2857;1073;GUTS;Zürich, Gutstrasse;680662.8516;247313.5524
2858;1249;HORN;Kilchberg ZH, Hornhaldenstr.;683398.3724;242915.5799
2859;1075;GOES;Zumikon, Gössikon;688872.3029;243038.1429
2861;2164;SCHZ;Zürich, Scheuchzerstrasse;683484.7991;249126.0661
2862;1503;LANG;Zürich, Langgrütstrasse;680177.3542;247537.5603
2863;1505;LANH;Rüschlikon, Langhaldenstrasse;684127.3964;240066.6094
2864;2167;SIHG;Küsnacht ZH, Schiedhaldensteig;686783.3438;241821.1162
2865;2168;SIHE;Küsnacht ZH, Schiedhaldenstr.;686504.3519;241995.1157
2866;418;BUEB;Zollikon, Bahnübergang;685179.8252;244511.107
2867;70;ALTE;Zürich, Altenhofstrasse;684830.3153;245537.0911
2868;1162;HERD;Zürich, Herdernstrasse;680775.8288;248773.5491
2869;508;BLEU;Zürich, Bleulerstrasse;685609.3257;244655.6063
2870;1251;HOTT;Zürich, Hottingerplatz;684313.8095;247093.5924
2871;1252;HUBE;Zürich, Hubertus;680073.3507;247913.0499
2872;2341;SUET;Zollikon, Schützenstrasse;686715.8134;244432.6145
2891;493;BINZ;Zürich, Binz;681561.8489;246354.0618
2893;6759;SBAU;Zürich, Schiffbau;681634.3136;249134.5518
2895;3368;FWIG;Fällanden, Wigarten;690885.2288;247377.6534
2906;6825;USEN;Unterengstringen, Sennenbüel;676234.3535;251859.491
2944;9999;VBG01;D'dorf, Bhf. Nord (Wangenstr.);689571.8656;250710.5654
1687;2820;BWAL07;Wallisellen, Bahnhof;687097.9818;251946.1147
1692;3740;VHOF07;Volketswil, Hofwisen;693210.6875;248541.1715
1694;909;FROH07;Glattbrugg, Frohbühlstrasse;684443.9528;253662.2154
1706;1572;DLIN;Dübendorf, Lindenplatz;689198.0873;250418.2397
1723;2024;RAIW;Urdorf, Rainweg;674499.4138;249210.4949
1724;1868;PEST;Dietikon, Pestalozzi;672534.406;251919.9719
1729;3378;PTHA01;Thalwil, Post;685016.3857;239042.6045
1736;6485;GARG01;Garage Adliswil;682269.405;240770.5854
1741;1648;MITL;Zürich, Mittelleimbach;681310.4075;241915.5577
1748;1657;MOOS;Rüschlikon, Moosstrasse;683677.8995;239667.1004
1773;2682;TRIS;Zürich, Triemlispital;679927.3682;246706.5472
1784;6682;RHOE07;Rümlang, Hörnlistrasse;682366.2316;255563.0483
1790;1925;PGLA07;Glattbrugg, Post;684688.7214;253896.8132
1797;497;BIGL;Zürich, Birch-/Glatttalstrasse;683558.7399;253546.0684
1809;1763;ORUE07;Rümlang, Oberdorf;682323.2151;256264.5522
1816;972;GESS;Zürich, Gessnerallee;682936.3134;247924.073
1829;3034;BOER;Zürich, Bahnhof Oerlikon;683428.266;251739.5817
1843;3122;RIEH;Zürich, Riedhofstrasse;678552.3295;251529.0249
1845;2968;ZEHN;Zürich, Zehntenhausplatz;680569.2806;252582.5438
1846;114;AUBR;Zürich, Aubrücke;685560.2391;251688.0868
1850;1799;RGEM07;Rümlang, Gemeindehaus;682297.2094;256025.5537
1851;6463;SIHC;Zürich, Sihlcity;681862.3533;245806.557
1852;199;BEDE;Zürich, Bahnhof Enge/Bederstr.;682470.3436;246542.5684
1854;2550;SAAL;Zürich, Saalsporthalle;681731.3542;245784.0547
1869;1462;KROA01;Adliswil, Krone;682339.4013;240818.5811
1873;845;FELS;Zürich, Felsenrainstrasse;683536.7446;252363.0703
1874;3021;BAFF;Zürich, Bahnhof Affoltern;680666.7912;252808.0341
1879;3146;BDUN;Dübendorf, Bahnhof Nord;689378.3141;250688.9701
1884;3154;MEHA;Zürich, Messe/Hallenstadion;683986.2524;251720.0874
1885;6255;BOEN;Zürich, Bahnhof Oerlikon Nord;683302.3002;251851.8868
1890;411;NEUQ;Zürich, Neumühlequai;683413.3122;247992.5758
2498;6780;KOBE;Kilchberg ZH, Obere Hornhalde;683106.377;242884.5926
2499;6781;KEMI;Kilchberg ZH, Emilienheim;683112.3811;242622.5751
2500;6782;KBRE;Kilchberg ZH, Breitloo;683214.379;242285.5842
2505;935;GASO;Schlieren, Gasometerbrücke;677165.8705;250140.0253
2506;3774;BWOB;Zürich, Bhf Wollishofen (Bus);682792.3584;244656.0754
2508;2689;TUNN;Zürich, Tunnelstrasse;682646.326;246741.0738
2509;1856;OTTI;Zürich, Ottikerstrasse;683336.2989;248880.0757
2510;2107;ROSW;Zürich, Roswiesen;685931.7442;250858.5881
2511;2109;ROTE;Zürich, Rote Fabrik;682933.3667;244114.0897
2514;6038;GALI;Dietikon, Garage Limmatbus AG;673236.4157;251334.4686
2516;2869;WELB;Geroldswil, Welbrig;673977.3896;252388.9895
2518;1862;PAEN;Oberengstringen, Paradies;677001.8433;251570.5038
2520;1690;MULL;Schlieren, Mülligen;677679.8553;249927.0184
2524;2551;BSEL;Zürich, Bahnhof Selnau;682551.825;247237.0626
2525;1723;FNEU;Fällanden, Neuhus;691122.2245;247110.1498
2526;1122;HARP;Zürich, Hardplatz;681251.8337;248536.0567
2527;1234;BANL;Zürich, Bäckeranlage;681925.3237;248132.0635
2528;1158;HELV;Zürich, Helvetiaplatz;682098.8314;247831.5675
2529;1076;GUET;Zürich, Güterbahnhof;681650.3352;248285.0625
2530;92;AMSU;Zürich, Am Suteracher;677850.3585;249410.5176
2531;2276;BUCL;Zürich, Schulhaus Buchlern;678483.3577;248714.0262
2532;716;DUNK;Zürich, Dunkelhölzli;677892.3617;249164.0239
2533;542;BRIS;Zürich, Bristenstrasse;679155.3471;249332.0381
2534;6003;SOLP;Zürich, Solidapark;679260.3453;249059.5398
2535;1570;LIND;Zürich, Lindenplatz;679094.8538;249101.5473
2536;5001;BALN;Zürich, Bahnhof Altstetten N;679384.343;249565.0393
2537;1581;LOOG;Zürich, Loogarten;678047.8596;249251.0246
2538;592;BAEN;Zürich, Bändliweg;679049.3463;250040.0288
2539;852;FEUS;Zürich, Feusisbergli;677942.8592;249601.517
2540;3022;BALT;Zürich, Bahnhof Altstetten;679275.3405;249447.0299
2541;1698;NEES;Zürich, Neeserweg;678175.8618;249409.0146
2542;2033;RAUH;Zürich, Rautihalde;678152.8742;248934.5407
2543;2034;RAUT;Zürich, Rautistrasse;678935.8554;248588.5415
